ElapsedTime,CorrectAnswers
NULL,0.47539508649009
0,0.664449526098936
0.2,0.780769230769231
0.25,0.552083333333333
0.333,0.70575230052185
0.4,0.669230769230769
0.5,0.302587176602925
0.6,0.254724732949877
0.666,0.645220951462603
0.667,0.264154786150713
0.75,0.25211040152683
0.8,0.232216343327454
1,0.395229538753866
1.2,0.239668985873919
1.25,0.245460539663218
1.333,0.421292838199922
1.4,0.242540168324407
1.5,0.254429236434378
1.6,0.248831775700935
1.666,0.464796743100042
1.667,0.306101344364012
1.75,0.299984671197179
1.8,0.26735112936345
2,0.63572121240592
2.2,0.291912284838481
2.25,0.414709095875444
2.333,0.606456891650141
2.4,0.316624185783064
2.5,0.477879238337934
2.6,0.359696298639671
2.666,0.649208019255437
2.667,0.543279380717804
2.75,0.523425772299913
2.8,0.361061312298315
3,0.764263826061579
3.2,0.439070649596965
3.25,0.59444351743701
3.333,0.684101945153956
3.4,0.488826815642458
3.5,0.610510847955744
3.6,0.469600463231036
3.666,0.690727326640403
3.667,0.702127659574468
3.75,0.63361713814886
3.8,0.483811850946854
4,0.769093252670238
4.2,0.522743177046886
4.25,0.657547081420407
4.333,0.702812258924188
4.4,0.53392990305742
4.5,0.680292392036164
4.532,1
4.6,0.562878787878788
4.666,0.700923158468175
4.667,0.744906997342781
4.75,0.679527559055118
4.8,0.507936507936508
5,0.763141608980502
5.2,0.585766423357664
5.25,0.698777214434834
5.333,0.703072545802159
5.4,0.578051087984863
5.5,0.697653338704804
5.6,0.554109031733116
5.666,0.704710448215509
5.667,0.625801853171775
5.75,0.701655764513491
5.8,0.578387953941541
6,0.751245780773249
6.2,0.566632756866735
6.25,0.714653720400277
6.333,0.71135634092978
6.4,0.598249027237354
6.5,0.706184507910417
6.6,0.552272727272727
6.666,0.708768472906404
6.667,0.784334763948498
6.75,0.713242961418144
6.8,0.572012257405516
7,0.745240542734676
7.2,0.566850828729282
7.25,0.717679944095038
7.333,0.713082428550562
7.4,0.578249336870027
7.5,0.718395989974937
7.6,0.598893499308437
7.666,0.710903083700441
7.667,0.831785345717234
7.75,0.716733184074759
7.8,0.609154929577465
8,0.745419255199592
8.2,0.63697705802969
8.25,0.717446808510638
8.333,0.714459566007336
8.4,0.606796116504854
8.5,0.713869940882219
8.6,0.625
8.666,0.712026223400444
8.667,0.825301204819277
8.75,0.723682996586401
8.8,0.608904933814681
9,0.739765987077763
9.2,0.583448275862069
9.25,0.705135335558027
9.333,0.715270291082704
9.4,0.568245125348189
9.5,0.71322960543282
9.6,0.530708661417323
9.666,0.703300763609492
9.667,0.827298050139276
9.75,0.722122379118528
9.8,0.576704545454545
10,0.728070024829626
10.2,0.588495575221239
10.25,0.717211155378486
10.333,0.703009669072586
10.4,0.564102564102564
10.5,0.727929435023953
10.6,0.570107858243451
10.666,0.671502335874109
10.667,0.821700507614213
10.75,0.72046366473473
10.8,0.579494799405646
11,0.720329254906295
11.2,0.540412044374009
11.25,0.724383133044158
11.333,0.686839426916151
11.4,0.606973058637084
11.5,0.730721433710511
11.6,0.563333333333333
11.666,0.662206997005907
11.667,0.810060606060606
11.75,0.740942381230151
11.8,0.590529247910863
12,0.718735332874085
12.2,0.578512396694215
12.25,0.739596615277617
12.333,0.682033955570572
12.4,0.564814814814815
12.5,0.743252139565504
12.6,0.546572934973638
12.666,0.659177215189873
12.667,0.772484665020314
12.75,0.738117870722434
12.8,0.543252595155709
13,0.718352806909097
13.2,0.552238805970149
13.25,0.739181515566869
13.333,0.674358942733451
13.4,0.602310231023102
13.5,0.740373072305845
13.6,0.522448979591837
13.666,0.651292433596145
13.667,0.768783597949744
13.75,0.742188195495415
13.8,0.539763113367174
14,0.732755808044356
14.2,0.620938628158845
14.25,0.745749550433219
14.333,0.66974795158674
14.4,0.577861163227017
14.5,0.749208770257388
14.6,0.563981042654028
14.666,0.654340292980722
14.667,0.767061790668348
14.75,0.743826333320571
14.8,0.553822152886115
15,0.740718915733648
15.2,0.57092819614711
15.25,0.745463021544404
15.333,0.674889843114142
15.4,0.591078066914498
15.5,0.74682722581064
15.6,0.519725557461406
15.666,0.648391888624037
15.667,0.762928712515712
15.75,0.742697384502567
15.8,0.591803278688525
16,0.729765044327283
16.2,0.606287425149701
16.25,0.74675716874227
16.333,0.672034414833005
16.4,0.560777957860616
16.5,0.742139743976316
16.6,0.581183611532625
16.666,0.6423140421613
16.667,0.765181355654029
16.75,0.744408945686901
16.8,0.55591054313099
17,0.706629911809184
17.2,0.601694915254237
17.25,0.745628057937315
17.333,0.671160041557897
17.4,0.600558659217877
17.5,0.749015167598424
17.6,0.607871720116618
17.666,0.642881946389166
17.667,0.765399596076168
17.75,0.74002667088579
17.8,0.544407894736842
18,0.681216812653364
18.2,0.634064080944351
18.25,0.737537473233405
18.333,0.675785635303154
18.4,0.626027397260274
18.5,0.742820051927302
18.6,0.534206695778748
18.666,0.650382240179986
18.667,0.771998294578728
18.75,0.740642915642916
18.8,0.636661211129296
19,0.666649824222179
19.2,0.63103953147877
19.25,0.736721883821126
19.333,0.690234426908676
19.4,0.580381471389646
19.5,0.738979900504765
19.6,0.639221556886228
19.666,0.664716313833145
19.667,0.775686319935133
19.75,0.739154811129021
19.8,0.608757062146893
20,0.668701711127249
20.2,0.596879063719116
20.25,0.735768732437026
20.333,0.705875512023673
20.4,0.624700239808153
20.5,0.731279958543853
20.6,0.607095926412615
20.666,0.68726901693608
20.667,0.785868128640658
20.75,0.728527902501604
20.8,0.669642857142857
21,0.669460114025343
21.2,0.652519893899204
21.25,0.726814148535311
21.333,0.726549861115351
21.4,0.653171390013495
21.5,0.730783446929935
21.6,0.638888888888889
21.666,0.716393932820113
21.667,0.787737893534024
21.75,0.724577338529242
21.8,0.682957393483709
22,0.660371021931361
22.2,0.665094339622642
22.25,0.719941348973607
22.333,0.733858875577131
22.4,0.669565217391304
22.5,0.725850660317285
22.6,0.666666666666667
22.666,0.716811922607635
22.667,0.771200284665276
22.75,0.719088624284125
22.8,0.660878447395301
23,0.643617389528581
23.2,0.672641509433962
23.25,0.718921664283137
23.333,0.723619350997501
23.4,0.652567975830816
23.5,0.714754693967587
23.6,0.67219512195122
23.666,0.709373974682084
23.667,0.759940673776397
23.75,0.710202553543073
23.8,0.681957186544342
24,0.62837602931166
24.2,0.676595744680851
24.25,0.714818432034094
24.333,0.713620080458926
24.4,0.702061855670103
24.5,0.712583795261787
24.6,0.68976897689769
24.666,0.702615797627952
24.667,0.747491338734834
24.75,0.713406010238182
24.8,0.732940185341196
25,0.614151387334799
25.2,0.701639344262295
25.25,0.711608758485846
25.333,0.702691279150105
25.4,0.711213517665131
25.5,0.708673304338449
25.6,0.695880149812734
25.666,0.690177343122165
25.667,0.727553148351967
25.75,0.705012414090893
25.8,0.708217270194986
26,0.602748288080594
26.2,0.693504736129905
26.25,0.703475996242166
26.333,0.685745673946024
26.4,0.719552337063858
26.5,0.702355636491805
26.6,0.723675813656669
26.666,0.671270226357141
26.667,0.712857602057216
26.75,0.701926091045244
26.8,0.739156994502138
27,0.592447579895738
27.2,0.714707619610159
27.25,0.700003478623856
27.333,0.670648994668316
27.4,0.711676451402479
27.5,0.696991518642983
27.6,0.748045700541191
27.666,0.657242948369916
27.667,0.695590354875151
27.75,0.694068521988572
27.8,0.728170478170478
28,0.583730556995169
28.2,0.713876967095851
28.25,0.692044069278009
28.333,0.653087042508387
28.4,0.737791932059448
28.5,0.693663115681464
28.6,0.751006036217304
28.666,0.643865817830718
28.667,0.684258331974754
28.75,0.690929221216514
28.8,0.724672806592341
29,0.576888149609724
29.2,0.729974811083123
29.25,0.688591878964687
29.333,0.640665906847434
29.4,0.730404823428079
29.5,0.692155961760454
29.6,0.773376324274528
29.666,0.631009358900101
29.667,0.674355300859599
29.75,0.685101286845703
29.8,0.753643629525153
30,0.570401702675633
30.2,0.75794732061762
30.25,0.683301938803639
30.333,0.630510752688172
30.4,0.752006759611322
30.5,0.681659448060047
30.6,0.760050251256281
30.666,0.616563300670154
30.667,0.658569121673805
30.75,0.68017950115377
30.8,0.738908519827248
31,0.565517404492588
31.2,0.752167630057804
31.25,0.676698800846461
31.333,0.618268701824617
31.4,0.749824067558058
31.5,0.679195977554568
31.6,0.748254318265344
31.666,0.609405507304922
31.667,0.649757660395958
31.75,0.675122623246755
31.8,0.783247612049963
32,0.561846664484155
32.2,0.772117962466488
32.25,0.672101867489642
32.333,0.614568081991215
32.4,0.776085547634478
32.5,0.679786235285621
32.6,0.745022479126525
32.666,0.602603685276592
32.667,0.655337201931048
32.75,0.671218048072428
32.8,0.758599508599509
33,0.558941290810097
33.2,0.770661787130223
33.25,0.66930358097939
33.333,0.60843625136215
33.4,0.775609756097561
33.5,0.671856110137919
33.6,0.755933196601231
33.666,0.592167172532073
33.667,0.651488410401224
33.75,0.667289743233515
33.8,0.748394629305312
34,0.555335668886333
34.2,0.76551724137931
34.25,0.664648171009031
34.333,0.59799504633386
34.4,0.764148527528809
34.5,0.667477655133557
34.6,0.764589515331355
34.666,0.586663063306533
34.667,0.638194150063586
34.75,0.662737064693055
34.8,0.770576131687243
35,0.551836663612126
35.2,0.753167641325536
35.25,0.661661380334846
35.333,0.593525500019073
35.4,0.759293680297398
35.5,0.664849004528524
35.6,0.768256839249378
35.666,0.582221647986046
35.667,0.645330995177554
35.75,0.6633855248665
35.8,0.767500573789305
36,0.54739558573854
36.2,0.76549929010885
36.25,0.658894706551187
36.333,0.588945461360655
36.4,0.764918625678119
36.5,0.662169915615948
36.6,0.763628966639544
36.666,0.575382447665056
36.667,0.640249421703711
36.75,0.654971687102863
36.8,0.771757322175732
37,0.546679599031057
37.2,0.772805507745267
37.25,0.653514071018123
37.333,0.585410357947046
37.4,0.767409191250251
37.5,0.656476966366623
37.6,0.753840459004257
37.666,0.571499900139804
37.667,0.643101616900744
37.75,0.653688935507258
37.8,0.77408400357462
38,0.542558028001776
38.2,0.785159776132876
38.25,0.65183885721446
38.333,0.591583214115403
38.4,0.763569295626208
38.5,0.655632525919383
38.6,0.767139889196676
38.666,0.56759399444865
38.667,0.648969998617448
38.75,0.645353697749196
38.8,0.753703065794006
39,0.541202741560336
39.2,0.765311287329172
39.25,0.649744497511773
39.333,0.58612426035503
39.4,0.772655840754322
39.5,0.655609216709758
39.6,0.771114032205061
39.666,0.563059686772654
39.667,0.672
39.75,0.646948260542683
39.8,0.756723146277009
40,0.539795178482248
40.2,0.761881350376926
40.25,0.643542924972943
40.333,0.590348084284334
40.4,0.767145852051512
40.5,0.655033440458612
40.6,0.758043383316349
40.666,0.564446805428116
40.667,0.669906407487401
40.75,0.644365813826892
40.8,0.764020070838253
41,0.53558240564757
41.2,0.766206482593037
41.25,0.642572430337701
41.333,0.591698281633564
41.4,0.76158940397351
41.5,0.651715573544292
41.6,0.754906113228858
41.666,0.565206929740135
41.667,0.669181659895531
41.75,0.642458524733305
41.8,0.761898286646723
42,0.536154932693453
42.2,0.757703081232493
42.25,0.63678510130403
42.333,0.594220349187237
42.4,0.760656605771777
42.5,0.646919750120135
42.6,0.766445137664451
42.666,0.563677780078691
42.667,0.684922948771345
42.75,0.634772888934051
42.8,0.759406608226568
43,0.533596703423288
43.2,0.769697752518729
43.25,0.637152302541534
43.333,0.596100606703187
43.4,0.756658747030136
43.5,0.645240738871505
43.6,0.757272843778034
43.666,0.564671163575042
43.667,0.698453608247423
43.75,0.638609055806027
43.8,0.763487535656703
44,0.535376384271917
44.2,0.765463604326164
44.25,0.638797473983812
44.333,0.610414908122849
44.4,0.76121959575197
44.5,0.640547992791854
44.6,0.765582495564755
44.666,0.558068146935434
44.667,0.694789622847177
44.75,0.635068353962682
44.8,0.759520451339915
45,0.531992174901207
45.2,0.761409796893668
45.25,0.631443605800138
45.333,0.611989459815547
45.4,0.753536067892503
45.5,0.646249716745978
45.6,0.767090005521811
45.666,0.577582213987957
45.667,0.697044890593278
45.75,0.636096827398855
45.8,0.756512017887088
46,0.531260678663305
46.2,0.757596527301805
46.25,0.631531345289162
46.333,0.615288429476492
46.4,0.757634408602151
46.5,0.638480691304985
46.6,0.769421131913062
46.666,0.573816155988858
46.667,0.706053975200584
46.75,0.63331471581691
46.8,0.754327930312052
47,0.531646006460341
47.2,0.748738024106315
47.25,0.633309778768277
47.333,0.619324902192703
47.4,0.753796095444686
47.5,0.636838701332299
47.6,0.750615510874025
47.666,0.586112380082229
47.667,0.695743013841734
47.75,0.630114340818295
47.8,0.751421776445042
48,0.532967032967033
48.2,0.758392728023965
48.25,0.630652829313544
48.333,0.627470856563609
48.4,0.752929190015283
48.5,0.639023713770628
48.6,0.743599881387763
48.666,0.583872660486269
48.667,0.696505376344086
48.75,0.628484648001684
48.8,0.753702024780901
49,0.531952918946581
49.2,0.746488490050722
49.25,0.624725223691136
49.333,0.620327868852459
49.4,0.752751986216139
49.5,0.635296892505454
49.6,0.743287303413886
49.666,0.566260398529696
49.667,0.682684105771965
49.75,0.628083370514373
49.8,0.749093107617896
50,0.528531023659054
50.2,0.746388754241396
50.25,0.628095408545117
50.333,0.633017358118922
50.4,0.74784276126558
50.5,0.635327816677276
50.6,0.744905452542684
50.666,0.599476439790576
50.667,0.67859346082665
50.75,0.62316282543023
50.8,0.747805960073295
51,0.529726982541862
51.2,0.744020999416683
51.25,0.622917470450002
51.333,0.628409397785579
51.4,0.745090705068263
51.5,0.638844356516697
51.6,0.738241695845557
51.666,0.588536812674744
51.667,0.673620457604307
51.75,0.623541386455342
51.8,0.741876763447711
52,0.530893062476045
52.2,0.742752326413744
52.25,0.624301779995531
52.333,0.641712831262165
52.4,0.746848840565765
52.5,0.63180169286578
52.6,0.743077336678914
52.666,0.605026455026455
52.667,0.663497312939231
52.75,0.623546121070208
52.8,0.746160794941283
53,0.528713922551532
53.2,0.740681434036118
53.25,0.62066468174137
53.333,0.631190895976919
53.4,0.748187614638833
53.5,0.629263141426784
53.6,0.740865800865801
53.666,0.608438818565401
53.667,0.668181818181818
53.75,0.621307843780768
53.8,0.733397581916944
54,0.530354030501089
54.2,0.737841352405722
54.25,0.6148771514357
54.333,0.630832002838389
54.4,0.73577670768682
54.5,0.632683227263396
54.6,0.730040006957732
54.666,0.601427721594289
54.667,0.676866017617061
54.75,0.618633925801161
54.8,0.732301075268817
55,0.529918811539126
55.2,0.726961873824585
55.25,0.621483375959079
55.333,0.628711010898159
55.4,0.736749427716147
55.5,0.62687658622618
55.6,0.735683920980245
55.666,0.626635357262664
55.667,0.662210796915167
55.75,0.626197626197626
55.8,0.735268854148772
56,0.528455034399577
56.2,0.735947377413292
56.25,0.622793252255787
56.333,0.643467389039383
56.4,0.730439993151858
56.5,0.633372392781814
56.6,0.742618905811282
56.666,0.622945205479452
56.667,0.673684210526316
56.75,0.615769775440016
56.8,0.734698996655518
57,0.52824313543838
57.2,0.726463424876123
57.25,0.615447320154881
57.333,0.639172862453532
57.4,0.725967957276369
57.5,0.627644090820881
57.6,0.73603305785124
57.666,0.622198120028923
57.667,0.669088507265522
57.75,0.617773019271949
57.8,0.727080692860161
58,0.530827890435318
58.2,0.721263157894737
58.25,0.616706390998282
58.333,0.652854977261243
58.4,0.728890381064294
58.5,0.625485424325584
58.6,0.720251230690884
58.666,0.62051677593521
58.667,0.664174031271244
58.75,0.614603760526012
58.8,0.722171342935642
59,0.530668592622686
59.2,0.722540878349456
59.25,0.605228680323964
59.333,0.638459452129102
59.4,0.732147331495866
59.5,0.631599931651193
59.6,0.716621020198562
59.666,0.631137221989089
59.667,0.673146148308135
59.75,0.615654064500544
59.8,0.72421052631579
60,0.529439472444654
60.2,0.713382683190551
60.25,0.602187198456095
60.333,0.637979683972912
60.4,0.71628937007874
60.5,0.631313709769786
60.6,0.713146113146113
60.666,0.622302158273381
60.667,0.67226148409894
60.75,0.613877392653906
60.8,0.710059171597633
61,0.529560070759006
61.2,0.71461857093545
61.25,0.611768684477511
61.333,0.637709497206704
61.4,0.710343112879165
61.5,0.629015089850354
61.6,0.715214454576157
61.666,0.619395711500975
61.667,0.69472710453284
61.75,0.613207547169811
61.8,0.718681893470491
62,0.529542220010303
62.2,0.712970202415081
62.25,0.610548401099696
62.333,0.661244019138756
62.4,0.715456270484733
62.5,0.62406015037594
62.6,0.704805092875207
62.666,0.597285067873303
62.667,0.664158043273754
62.75,0.621059741819273
62.8,0.699658703071672
63,0.530392284392247
63.2,0.706008775857437
63.25,0.605559025608994
63.333,0.639355271994627
63.4,0.715353705261191
63.5,0.624808687413454
63.6,0.713937753721245
63.666,0.616031390134529
63.667,0.676891615541922
63.75,0.614988328101103
63.8,0.704685960039423
64,0.529993039693354
64.2,0.704975863349424
64.25,0.607683751176521
64.333,0.645677694770544
64.4,0.707340324118208
64.5,0.620599636104739
64.599,0.712712712712713
64.6,0.71033290099438
64.666,0.611985472154964
64.667,0.707973102785783
64.75,0.606624737945493
64.8,0.707510594175458
65,0.531229884341452
65.2,0.712486105965172
65.25,0.608975459069847
65.333,0.653607447633825
65.4,0.700740055504163
65.5,0.620706778118017
65.6,0.695574556046228
65.666,0.623514696685428
65.667,0.656716417910448
65.75,0.601777284087753
65.8,0.714187665457398
66,0.532599138310033
66.2,0.696899672636241
66.25,0.618070387222583
66.333,0.666666666666667
66.4,0.704956213899758
66.5,0.612951019696706
66.6,0.695574219118619
66.666,0.642052565707134
66.667,0.680043383947939
66.75,0.599537705865357
66.8,0.707244360528669
67,0.533599298957661
67.2,0.694851444851445
67.25,0.594599940658689
67.333,0.653361344537815
67.4,0.702705461970393
67.5,0.620339912280702
67.6,0.689269451593744
67.666,0.64859437751004
67.667,0.661518661518662
67.75,0.604170968408012
67.8,0.696722919937206
68,0.529509040129355
68.2,0.693160813308688
68.25,0.603413877189093
68.333,0.650793650793651
68.4,0.701980098502362
68.5,0.610430064308682
68.6,0.692307692307692
68.666,0.658855961405927
68.667,0.670560747663551
68.75,0.60151282613462
68.8,0.69291097983296
69,0.528441566934798
69.2,0.688210906771553
69.25,0.610635421360973
69.333,0.653249272550921
69.4,0.696000855431993
69.5,0.61196707471507
69.6,0.690771777363956
69.666,0.635019455252918
69.667,0.672847682119205
69.75,0.600660455242363
69.8,0.691029192414234
70,0.531717513969915
70.2,0.686023923934158
70.25,0.600073991860895
70.333,0.648977604673807
70.4,0.687254901960784
70.5,0.61023029741928
70.6,0.688528138528139
70.666,0.62739965095986
70.667,0.673582295988935
70.75,0.607402511566424
70.8,0.684105263157895
71,0.528385915858351
71.2,0.682553757481711
71.25,0.605608996070993
71.333,0.645110410094637
71.4,0.694767770369533
71.5,0.612832398145889
71.6,0.693280182232346
71.666,0.629893238434164
71.667,0.66966966966967
71.75,0.599346316219529
71.8,0.686036136515726
72,0.528702238987588
72.2,0.682391353298807
72.25,0.613862795331625
72.333,0.646153846153846
72.4,0.687294031490297
72.5,0.609343434343434
72.6,0.683075157773953
72.666,0.609277430865299
72.667,0.681887366818874
72.75,0.600117698984846
72.8,0.678410885676103
73,0.526934378060725
73.2,0.692597239648683
73.25,0.594018404907975
73.333,0.644314868804665
73.4,0.676101755643139
73.5,0.609279291020461
73.6,0.678646153846154
73.666,0.645403377110694
73.667,0.636963696369637
73.75,0.600711427301023
73.8,0.68988453815261
74,0.530667208699629
74.2,0.674346052315815
74.25,0.591813437703849
74.333,0.644719687092568
74.4,0.66526731695271
74.5,0.620223048327138
74.6,0.678737713398862
74.666,0.614203454894434
74.667,0.653061224489796
74.75,0.599455040871935
74.8,0.677030220121875
75,0.525930060863615
75.2,0.682879628435041
75.25,0.596664507772021
75.333,0.664355062413315
75.4,0.679723808259195
75.5,0.620185505423676
75.6,0.671649619722004
75.666,0.6125
75.667,0.666666666666667
75.75,0.607551896921976
75.8,0.681806384635349
76,0.530538371669891
76.2,0.690552834149755
76.25,0.599486991572004
76.333,0.651096956829441
76.4,0.67573192729291
76.5,0.6090337524818
76.6,0.682279582366589
76.666,0.617210682492582
76.667,0.703374777975133
76.75,0.603428571428571
76.8,0.681760473973762
77,0.529027358660245
77.2,0.675349806490027
77.25,0.601540892927697
77.333,0.626092804303968
77.4,0.683271923360354
77.5,0.62007693716798
77.6,0.677475898334794
77.666,0.650497512437811
77.667,0.656862745098039
77.75,0.592060642329942
77.8,0.671553337492202
78,0.526584289865981
78.2,0.682469354600502
78.25,0.616220567518615
78.333,0.647752394988946
78.4,0.680131657690006
78.5,0.608438193930422
78.6,0.663567601638828
78.666,0.620134228187919
78.667,0.648936170212766
78.75,0.609734897870491
78.8,0.669286667655346
79,0.527077093732668
79.2,0.665883090424698
79.25,0.591395547945205
79.333,0.620283018867924
79.4,0.678571428571429
79.5,0.619738455251328
79.6,0.679154360329551
79.666,0.629965947786606
79.667,0.656626506024096
79.75,0.596869328493648
79.8,0.649038461538462
80,0.531876815804765
80.2,0.669644307292513
80.25,0.578032036613272
80.333,0.628593040847201
80.4,0.668714797747056
80.5,0.61166916007694
80.6,0.665787022663769
80.666,0.599472990777339
80.667,0.655270655270655
80.75,0.600501882057716
80.8,0.667884423779475
81,0.528174670788404
81.2,0.664920551772307
81.25,0.594658473174191
81.333,0.640069384215091
81.4,0.676148046607265
81.5,0.612394491337183
81.6,0.662564766839378
81.666,0.620087336244541
81.667,0.689814814814815
81.75,0.598991879025483
81.8,0.659718412872554
82,0.527439416960676
82.2,0.671310240963855
82.25,0.597713374102632
82.333,0.642516682554814
82.4,0.676753034970103
82.5,0.619967035554509
82.6,0.664664492877982
82.666,0.602597402597403
82.667,0.69811320754717
82.75,0.596280087527352
82.8,0.680914328191786
83,0.52303559435863
83.2,0.654924242424242
83.25,0.577562745690959
83.333,0.647969052224371
83.4,0.654267744833783
83.5,0.600217273221076
83.6,0.655387008945935
83.666,0.639416058394161
83.667,0.649122807017544
83.75,0.584869325997249
83.8,0.666867469879518
84,0.527321328081035
84.2,0.667526723184666
84.25,0.606434155141311
84.333,0.626168224299065
84.4,0.672192291753005
84.5,0.601428193599577
84.6,0.667939698492462
84.666,0.590563165905632
84.667,0.647619047619048
84.75,0.584822736595371
84.8,0.666862170087977
85,0.529715084775389
85.2,0.666870415647922
85.25,0.601137800252844
85.333,0.619402985074627
85.4,0.65435303514377
85.5,0.60840024706609
85.6,0.651999106544561
85.666,0.621405750798722
85.667,0.53525641025641
85.75,0.594123676118893
85.8,0.666461159062885
86,0.527875329236172
86.2,0.662693156732892
86.25,0.585683297180043
86.333,0.635635635635636
86.4,0.66091190792386
86.5,0.59052247873633
86.6,0.663490688609788
86.666,0.618618618618619
86.667,0.678571428571429
86.75,0.59708573364961
86.8,0.66304347826087
87,0.519727391173621
87.2,0.637385321100917
87.25,0.595921189077083
87.333,0.592074592074592
87.4,0.653854849649559
87.5,0.606425702811245
87.6,0.658299412030755
87.666,0.573737373737374
87.667,0.662698412698413
87.75,0.592100538599641
87.8,0.663769555500373
88,0.522766009252496
88.2,0.656929347826087
88.25,0.579509493670886
88.333,0.614503816793893
88.4,0.66394187102634
88.5,0.6070826306914
88.6,0.663348179198323
88.666,0.677361853832442
88.667,0.66079295154185
88.75,0.595522388059701
88.8,0.667581731969054
89,0.519206337343995
89.2,0.659383345472202
89.25,0.588834555827221
89.333,0.61436170212766
89.4,0.674074074074074
89.5,0.582138919514884
89.6,0.642265193370166
89.666,0.620626151012891
89.667,0.634920634920635
89.75,0.588112180828799
89.8,0.653279467680608
90,0.525312866270937
90.2,0.646433990895296
90.25,0.590547496490407
90.333,0.628352490421456
90.4,0.648172154524242
90.5,0.62089552238806
90.6,0.658549089976929
90.666,0.673118279569892
90.667,0.65989847715736
90.75,0.574383802816901
90.8,0.650091122103619
91,0.520702484298116
91.2,0.649492583918813
91.25,0.565884476534296
91.333,0.608011444921316
91.4,0.654013015184382
91.5,0.592622618565059
91.6,0.641631504922644
91.666,0.594298245614035
91.667,0.669856459330144
91.75,0.587665198237885
91.8,0.639231431029538
92,0.529034976822587
92.2,0.641025641025641
92.25,0.58410780669145
92.333,0.641711229946524
92.4,0.642600359496705
92.5,0.605645851154833
92.6,0.635763490241102
92.666,0.59367396593674
92.667,0.693548387096774
92.75,0.577184720041863
92.8,0.647173489278752
93,0.520730850316233
93.2,0.647163120567376
93.25,0.599703117268679
93.333,0.620185922974768
93.4,0.65036752956216
93.5,0.601357082273113
93.6,0.639093137254902
93.666,0.641025641025641
93.667,0.708074534161491
93.75,0.584245076586433
93.8,0.655747468731388
94,0.522251602204993
94.2,0.633254716981132
94.25,0.602023608768971
94.333,0.644097222222222
94.4,0.644227744573765
94.5,0.6
94.6,0.648273736128237
94.666,0.614427860696517
94.667,0.656565656565657
94.75,0.596736596736597
94.8,0.647386759581882
95,0.524110597338869
95.2,0.643775372124493
95.25,0.600884466556108
95.333,0.596745027124774
95.4,0.640314724615961
95.5,0.595959595959596
95.6,0.624405166553365
95.666,0.613445378151261
95.667,0.615384615384615
95.75,0.569129916567342
95.8,0.640127388535032
96,0.518479880774963
96.2,0.636300897170462
96.25,0.585835694050991
96.333,0.646090534979424
96.4,0.644230769230769
96.5,0.595820591233435
96.6,0.631288766368022
96.666,0.634666666666667
96.667,0.678362573099415
96.75,0.579646017699115
96.8,0.655588020452885
97,0.513137961657003
97.2,0.632703081232493
97.25,0.588624338624339
97.333,0.639492753623188
97.4,0.627471751412429
97.5,0.590403744880047
97.6,0.648537134283571
97.666,0.571428571428571
97.667,0.664473684210526
97.75,0.58600583090379
97.8,0.639838294744579
98,0.520949948372371
98.2,0.660216718266254
98.25,0.567671584348942
98.333,0.622559652928417
98.4,0.634466769706337
98.5,0.602321319486866
98.6,0.636506687647522
98.666,0.660818713450292
98.667,0.639455782312925
98.75,0.58497191011236
98.8,0.640099626400996
99,0.520906830142849
99.2,0.663551401869159
99.25,0.589375448671931
99.333,0.638709677419355
99.4,0.628221377270807
99.5,0.589274832419257
99.6,0.639447236180904
99.666,0.626436781609195
99.667,0.63758389261745
99.75,0.602367688022284
99.8,0.628228782287823
100,0.520212060967528
100.2,0.630177514792899
100.25,0.602814698983581
100.333,0.639175257731959
100.4,0.643350604490501
100.5,0.582278481012658
100.6,0.632083696599826
100.666,0.623693379790941
100.667,0.630434782608696
100.75,0.581831831831832
100.8,0.64551724137931
101,0.519021739130435
101.2,0.622387366465397
101.25,0.577952755905512
101.333,0.666666666666667
101.4,0.648322147651007
101.5,0.596914822266935
101.6,0.652112676056338
101.666,0.614035087719298
101.667,0.696296296296296
101.75,0.578864353312303
101.8,0.644034917555771
102,0.524550898203593
102.2,0.625550660792952
102.25,0.562271062271062
102.333,0.624378109452736
102.4,0.628140703517588
102.5,0.601503759398496
102.6,0.650929181315922
102.666,0.634751773049645
102.667,0.62962962962963
102.75,0.58952380952381
102.8,0.622000905387053
103,0.527730979176494
103.2,0.635182408795602
103.25,0.55674709562109
103.333,0.628297362110312
103.4,0.647556390977444
103.5,0.59604743083004
103.6,0.630593132154006
103.666,0.6
103.667,0.640350877192982
103.75,0.554659498207885
103.8,0.623671497584541
104,0.523455377574371
104.2,0.647186147186147
104.25,0.580530973451327
104.333,0.619047619047619
104.4,0.639779559118236
104.5,0.607484076433121
104.6,0.619103086779266
104.666,0.567049808429119
104.667,0.736111111111111
104.75,0.584684684684685
104.8,0.640328373524885
105,0.528865828705057
105.2,0.623566214807091
105.25,0.580144777662875
105.333,0.598265895953757
105.4,0.646044021415824
105.5,0.603618421052632
105.6,0.65
105.666,0.58974358974359
105.667,0.704545454545455
105.75,0.609145815358067
105.8,0.618357487922705
106,0.521645850892652
106.2,0.627403846153846
106.25,0.580971659919028
106.333,0.602898550724638
106.4,0.622146118721461
106.5,0.616220735785953
106.6,0.628275441803778
106.666,0.627777777777778
106.667,0.663461538461538
106.75,0.548029556650246
106.8,0.650361311839911
107,0.518854528242348
107.2,0.638804148871263
107.25,0.580748663101604
107.333,0.610062893081761
107.4,0.624773413897281
107.5,0.626709573612228
107.6,0.623655913978495
107.666,0.575757575757576
107.667,0.719298245614035
107.75,0.590668080593849
107.8,0.626932989690722
108,0.513093839180796
108.2,0.624118024374599
108.25,0.586904761904762
108.333,0.611486486486487
108.4,0.637516688918558
108.5,0.600952380952381
108.6,0.646725440806045
108.666,0.657894736842105
108.667,0.526881720430108
108.75,0.57
108.8,0.651685393258427
109,0.521675175218482
109.2,0.644474948524365
109.25,0.581018518518518
109.333,0.648936170212766
109.4,0.622418879056047
109.5,0.617919670442842
109.6,0.621222768798313
109.666,0.567164179104478
109.667,0.676767676767677
109.75,0.56430155210643
109.8,0.624739402362752
110,0.517326514416718
110.2,0.610344827586207
110.25,0.620512820512821
110.333,0.584269662921348
110.4,0.64530225782957
110.5,0.603515625
110.6,0.628857381150959
110.666,0.588235294117647
110.667,0.67948717948718
110.75,0.577777777777778
110.8,0.650541516245487
111,0.525277548398936
111.2,0.612956810631229
111.25,0.586928104575163
111.333,0.611428571428571
111.4,0.64488854727133
111.5,0.579822616407982
111.6,0.632974910394265
111.666,0.671428571428571
111.667,0.753086419753086
111.75,0.599264705882353
111.8,0.625275532696547
112,0.521971611899669
112.2,0.602930402930403
112.25,0.551299589603283
112.333,0.59375
112.4,0.61640625
112.5,0.632911392405063
112.6,0.628930817610063
112.666,0.530612244897959
112.667,0.705263157894737
112.75,0.576142131979695
112.8,0.645462256149279
113,0.519762647088404
113.2,0.630225080385852
113.25,0.582474226804124
113.333,0.592741935483871
113.4,0.637916310845431
113.5,0.621010638297872
113.6,0.633950120675784
113.666,0.640522875816993
113.667,0.833333333333333
113.75,0.596820809248555
113.8,0.633992805755396
114,0.529166231868935
114.2,0.636209813874788
114.25,0.579598145285935
114.333,0.625570776255708
114.4,0.644347826086957
114.5,0.585733882030178
114.6,0.647547797173732
114.666,0.571428571428571
114.667,0.722222222222222
114.75,0.582278481012658
114.8,0.623263888888889
115,0.518910741301059
115.2,0.626929674099485
115.25,0.577777777777778
115.333,0.620689655172414
115.4,0.601933216168717
115.5,0.601626016260163
115.6,0.600913242009132
115.666,0.564356435643564
115.667,0.691358024691358
115.75,0.577922077922078
115.8,0.648553900087642
116,0.518621766280107
116.2,0.627021883920076
116.25,0.558484349258649
116.333,0.611111111111111
116.4,0.600536193029491
116.5,0.598425196850394
116.6,0.641659311562224
116.666,0.647058823529412
116.667,0.517857142857143
116.75,0.64373897707231
116.8,0.619585687382298
117,0.513766842413591
117.2,0.620169651272385
117.25,0.578333333333333
117.333,0.673306772908366
117.4,0.63023493360572
117.5,0.575037147102526
117.6,0.639269406392694
117.666,0.609929078014184
117.667,0.653846153846154
117.75,0.595
117.8,0.639558232931727
118,0.52267818574514
118.2,0.61668228678538
118.25,0.576388888888889
118.333,0.610169491525424
118.4,0.660674157303371
118.5,0.613879003558719
118.6,0.634194831013916
118.666,0.585185185185185
118.667,0.63855421686747
118.75,0.587699316628702
118.8,0.613496932515337
119,0.516738727609636
119.2,0.604838709677419
119.25,0.552816901408451
119.333,0.646153846153846
119.4,0.611542730299667
119.5,0.600323624595469
119.6,0.639068564036222
119.666,0.550724637681159
119.667,0.631578947368421
119.75,0.596590909090909
119.8,0.633141762452107
120,0.535929714135851
120.2,0.630952380952381
120.25,0.567669172932331
120.333,0.57051282051282
120.4,0.647651006711409
120.5,0.590909090909091
120.6,0.624378109452736
120.666,0.708333333333333
120.667,0.56
120.75,0.537109375
120.8,0.610837438423645
121,0.517583289264939
121.2,0.610146862483311
121.25,0.608843537414966
121.333,0.68
121.4,0.638398115429918
121.5,0.603636363636364
121.6,0.638132295719844
121.666,0.543859649122807
121.667,0.627450980392157
121.75,0.590062111801242
121.8,0.62514827995255
122,0.513675783855904
122.2,0.65435041716329
122.25,0.594594594594595
122.333,0.616352201257862
122.4,0.587892898719441
122.5,0.577512776831346
122.6,0.613365155131265
122.666,0.634408602150538
122.667,0.617283950617284
122.75,0.554824561403509
122.8,0.616991643454039
123,0.527614241659658
123.2,0.611260053619303
123.25,0.520454545454546
123.333,0.698324022346369
123.4,0.648
123.5,0.634782608695652
123.6,0.600243013365735
123.666,0.617886178861789
123.667,0.666666666666667
123.75,0.573008849557522
123.8,0.627118644067797
124,0.511314251461112
124.2,0.588098016336056
124.25,0.566666666666667
124.333,0.595959595959596
124.4,0.582872928176796
124.5,0.592664092664093
124.6,0.617728531855956
124.666,0.657894736842105
124.667,0.681159420289855
124.75,0.573232323232323
124.8,0.617142857142857
125,0.529289014756298
125.2,0.583832335329341
125.25,0.556
125.333,0.633802816901408
125.4,0.622154779969651
125.5,0.608791208791209
125.6,0.627737226277372
125.666,0.655172413793103
125.667,0.645833333333333
125.75,0.600840336134454
125.8,0.62401055408971
126,0.530615384615385
126.2,0.636363636363636
126.25,0.576470588235294
126.333,0.615942028985507
126.4,0.568245125348189
126.5,0.612419700214133
126.6,0.617151607963247
126.666,0.53125
126.667,0.705882352941177
126.75,0.54874651810585
126.8,0.619533527696793
127,0.510830039525692
127.2,0.619117647058824
127.25,0.604774535809019
127.333,0.541666666666667
127.4,0.637982195845697
127.5,0.596153846153846
127.6,0.605678233438486
127.666,0.60952380952381
127.667,0.527777777777778
127.75,0.580135440180587
127.8,0.6203125
128,0.510990813648294
128.199,0.571428571428571
128.2,0.567901234567901
128.25,0.593085106382979
128.333,0.674603174603175
128.4,0.621951219512195
128.5,0.605263157894737
128.6,0.613702623906705
128.666,0.53968253968254
128.667,0.555555555555556
128.75,0.573979591836735
128.8,0.644981412639405
129,0.523430745287913
129.199,0.534031413612565
129.2,0.654205607476635
129.25,0.594936708860759
129.333,0.611111111111111
129.4,0.618296529968454
129.5,0.606194690265487
129.6,0.631498470948012
129.666,0.653333333333333
129.667,0.784313725490196
129.75,0.556179775280899
129.8,0.643659711075441
130,0.519053419175222
130.199,0.590697674418605
130.2,0.63943661971831
130.25,0.56547619047619
130.333,0.63963963963964
130.4,0.620450606585789
130.5,0.563380281690141
130.6,0.605022831050228
130.666,0.638888888888889
130.667,0.565217391304348
130.75,0.581267217630854
130.8,0.653061224489796
131,0.534626540971719
131.2,0.630522088353414
131.25,0.586021505376344
131.333,0.696296296296296
131.4,0.580882352941177
131.5,0.586206896551724
131.6,0.572379367720466
131.666,0.623188405797101
131.667,0.666666666666667
131.75,0.61986301369863
131.8,0.573712255772647
132,0.515006690881285
132.2,0.658040665434381
132.25,0.521052631578947
132.333,0.594594594594595
132.4,0.594444444444444
132.5,0.59009009009009
132.6,0.605786618444846
132.666,0.634408602150538
132.667,0.619047619047619
132.75,0.522267206477733
132.8,0.631192660550459
133,0.52294930875576
133.2,0.625263157894737
133.25,0.571428571428571
133.333,0.51219512195122
133.4,0.631086142322097
133.5,0.587064676616915
133.6,0.639112903225806
133.666,0.60952380952381
133.667,0.771929824561403
133.75,0.583333333333333
133.8,0.643171806167401
134,0.515437048917402
134.2,0.602272727272727
134.25,0.57258064516129
134.333,0.707964601769911
134.4,0.630612244897959
134.5,0.550649350649351
134.6,0.64018691588785
134.666,0.648148148148148
134.667,0.555555555555556
134.75,0.529824561403509
134.8,0.561200923787529
135,0.525856697819315
135.2,0.612576064908722
135.25,0.55
135.333,0.649122807017544
135.4,0.600502512562814
135.5,0.63049853372434
135.6,0.645977011494253
135.666,0.666666666666667
135.667,0.666666666666667
135.75,0.574324324324324
135.8,0.642857142857143
136,0.535261824324324
136.2,0.603030303030303
136.25,0.585443037974684
136.333,0.578947368421053
136.4,0.61968085106383
136.5,0.575
136.6,0.636138613861386
136.666,0.722222222222222
136.667,0.766666666666667
136.75,0.613636363636364
136.8,0.622857142857143
137,0.528253424657534
137.2,0.638253638253638
137.25,0.578125
137.333,0.605442176870748
137.4,0.606185567010309
137.5,0.596428571428571
137.6,0.598290598290598
137.666,0.607843137254902
137.667,0.595238095238095
137.75,0.61734693877551
137.8,0.594170403587444
138,0.522288602941177
138.2,0.626168224299065
138.25,0.625
138.333,0.619469026548673
138.4,0.672922252010724
138.5,0.629746835443038
138.6,0.653731343283582
138.666,0.597701149425287
138.667,0.730769230769231
138.75,0.533018867924528
138.8,0.641638225255973
139,0.51294611616515
139.2,0.622222222222222
139.25,0.563725490196078
139.333,0.591397849462366
139.4,0.631346578366446
139.5,0.584126984126984
139.6,0.641860465116279
139.666,0.714285714285714
139.667,0.611111111111111
139.75,0.584615384615385
139.8,0.655737704918033
140,0.536482809794707
140.2,0.527322404371585
140.25,0.554054054054054
140.333,0.620689655172414
140.4,0.613300492610837
140.5,0.637362637362637
140.6,0.602591792656587
140.666,0.613333333333333
140.667,0.708333333333333
140.75,0.543859649122807
140.8,0.569651741293532
141,0.513116726835138
141.2,0.621333333333333
141.25,0.647058823529412
141.333,0.666666666666667
141.4,0.642622950819672
141.5,0.614754098360656
141.6,0.564285714285714
141.666,0.566666666666667
141.667,0.757575757575758
141.75,0.54
141.8,0.591463414634146
142,0.517470033154807
142.2,0.659722222222222
142.25,0.549295774647887
142.333,0.575757575757576
142.4,0.621527777777778
142.5,0.595588235294118
142.6,0.628472222222222
142.666,0.592592592592593
142.667,0.518518518518518
142.75,0.599264705882353
142.8,0.618666666666667
143,0.524564183835182
143.2,0.632258064516129
143.25,0.533333333333333
143.333,0.65625
143.4,0.631034482758621
143.5,0.561946902654867
143.6,0.644
143.666,0.515151515151515
143.667,0.75
143.75,0.570754716981132
143.8,0.609375
144,0.537156704361874
144.2,0.578125
144.25,0.621212121212121
144.333,0.645161290322581
144.4,0.60932944606414
144.5,0.589189189189189
144.6,0.617021276595745
144.666,0.705882352941177
144.667,0.606060606060606
144.75,0.548936170212766
144.8,0.597560975609756
145,0.511785424004335
145.2,0.597796143250689
145.25,0.591346153846154
145.333,0.62037037037037
145.4,0.594752186588921
145.5,0.622727272727273
145.6,0.575
145.666,0.625
145.667,0.6
145.75,0.654450261780105
145.8,0.58
146,0.521688837478311
146.2,0.563218390804598
146.25,0.60377358490566
146.333,0.590909090909091
146.4,0.60377358490566
146.5,0.583333333333333
146.6,0.593085106382979
146.666,0.7
146.667,0.65625
146.75,0.563725490196078
146.8,0.605479452054794
147,0.530906990179087
147.2,0.612244897959184
147.25,0.571428571428571
147.333,0.574712643678161
147.4,0.645418326693227
147.5,0.593984962406015
147.6,0.610909090909091
147.666,0.490196078431373
147.667,0.708333333333333
147.75,0.495535714285714
147.8,0.583333333333333
148,0.528229382205143
148.2,0.657794676806084
148.25,0.581395348837209
148.333,0.474358974358974
148.4,0.547540983606557
148.5,0.579207920792079
148.6,0.592307692307692
148.666,0.611111111111111
148.667,0.428571428571429
148.75,0.635869565217391
148.8,0.575418994413408
149,0.518417874396135
149.2,0.606508875739645
149.25,0.666666666666667
149.333,0.479166666666667
149.4,0.596837944664032
149.5,0.617117117117117
149.6,0.587155963302752
149.666,0.62962962962963
149.667,0.666666666666667
149.75,0.598958333333333
149.8,0.611538461538462
150,0.527646129541864
150.2,0.589473684210526
150.25,0.5260663507109
150.333,0.613333333333333
150.4,0.608163265306122
150.5,0.564356435643564
150.6,0.614035087719298
150.666,0.625
150.667,0.583333333333333
150.75,0.579787234042553
150.8,0.652173913043478
151,0.517218973359324
151.2,0.63953488372093
151.25,0.56547619047619
151.333,0.631578947368421
151.4,0.611764705882353
151.5,0.675213675213675
151.6,0.5875
151.666,0.538461538461538
151.667,0.619047619047619
151.75,0.511111111111111
151.8,0.612
152,0.53271349862259
152.2,0.55893536121673
152.25,0.526315789473684
152.333,0.594202898550725
152.4,0.564220183486238
152.5,0.583783783783784
152.6,0.640394088669951
152.666,0.619047619047619
152.667,0.575757575757576
152.75,0.512820512820513
152.8,0.604477611940298
153,0.51446070091868
153.2,0.574561403508772
153.25,0.607142857142857
153.333,0.43859649122807
153.4,0.604166666666667
153.5,0.553191489361702
153.6,0.638297872340426
153.666,0.481481481481481
153.667,0.708333333333333
153.75,0.6125
153.8,0.627906976744186
154,0.524145223827987
154.2,0.709090909090909
154.25,0.556818181818182
154.333,0.551282051282051
154.4,0.630252100840336
154.5,0.660098522167488
154.6,0.644897959183673
154.666,0.736842105263158
154.667,0.708333333333333
154.75,0.633333333333333
154.8,0.59
155,0.516151685393258
155.2,0.530054644808743
155.25,0.616279069767442
155.333,0.651515151515151
155.4,0.628571428571429
155.5,0.6
155.6,0.626811594202899
155.666,0.587301587301587
155.667,0.666666666666667
155.75,0.542553191489362
155.8,0.566502463054187
156,0.521276595744681
156.2,0.570588235294118
156.25,0.547619047619048
156.333,0.555555555555556
156.4,0.62015503875969
156.5,0.558035714285714
156.6,0.566666666666667
156.666,0.644444444444444
156.667,0.523809523809524
156.75,0.609375
156.8,0.594871794871795
157,0.542942494398805
157.2,0.616666666666667
157.25,0.595588235294118
157.333,0.683333333333333
157.4,0.60952380952381
157.5,0.629213483146067
157.6,0.665137614678899
157.666,0.65
157.667,0.666666666666667
157.75,0.543103448275862
157.8,0.623076923076923
158,0.504317111459969
158.2,0.611702127659574
158.25,0.58125
158.333,0.614035087719298
158.4,0.632258064516129
158.5,0.666666666666667
158.6,0.623318385650224
158.666,0.717948717948718
158.667,0.6
158.75,0.595419847328244
158.8,0.612903225806452
159,0.516457680250784
159.2,0.557142857142857
159.25,0.560344827586207
159.333,0.604166666666667
159.4,0.613445378151261
159.5,0.592592592592593
159.6,0.6
159.666,0.476190476190476
159.667,0.666666666666667
159.75,0.575
159.8,0.649350649350649
160,0.526106018333998
160.2,0.585858585858586
160.25,0.698529411764706
160.333,0.666666666666667
160.4,0.615384615384615
160.5,0.571428571428571
160.6,0.588571428571429
160.666,0.533333333333333
160.667,0.833333333333333
160.75,0.551401869158878
160.8,0.638709677419355
161,0.543742151527836
161.2,0.566326530612245
161.25,0.613496932515337
161.333,0.595238095238095
161.4,0.637037037037037
161.5,0.626436781609195
161.6,0.560693641618497
161.666,0.585365853658537
161.667,0.823529411764706
161.75,0.568345323741007
161.8,0.615384615384615
162,0.531550355202674
162.2,0.606936416184971
162.25,0.532894736842105
162.333,0.666666666666667
162.4,0.557575757575758
162.5,0.5
162.6,0.60233918128655
162.666,0.703703703703704
162.667,0.6
162.75,0.55
162.8,0.575
163,0.534186149095721
163.2,0.583333333333333
163.25,0.55952380952381
163.333,0.666666666666667
163.4,0.625
163.5,0.698529411764706
163.6,0.488888888888889
163.666,0.388888888888889
163.667,0.685714285714286
163.75,0.580882352941177
163.8,0.570588235294118
164,0.516493447808405
164.2,0.542168674698795
164.25,0.587209302325581
164.333,0.647058823529412
164.4,0.6375
164.5,0.645161290322581
164.6,0.535483870967742
164.666,0.458333333333333
164.667,0.545454545454545
164.75,0.522727272727273
164.8,0.586666666666667
165,0.53485254691689
165.2,0.611764705882353
165.25,0.6171875
165.333,0.616666666666667
165.4,0.620915032679739
165.5,0.671875
165.6,0.625
165.666,0.484848484848485
165.667,0.933333333333333
165.75,0.735294117647059
165.8,0.619047619047619
166,0.52960372960373
166.2,0.574324324324324
166.25,0.594827586206897
166.333,0.727272727272727
166.4,0.607407407407407
166.5,0.615384615384615
166.6,0.630434782608696
166.666,0.666666666666667
166.667,0.625
166.75,0.479166666666667
166.8,0.656
167,0.507988721804511
167.2,0.557971014492754
167.25,0.53125
167.333,0.607843137254902
167.4,0.66875
167.5,0.601851851851852
167.6,0.711111111111111
167.666,0.566666666666667
167.667,0.666666666666667
167.75,0.566666666666667
167.8,0.619047619047619
168,0.544068604097189
168.2,0.560810810810811
168.25,0.583333333333333
168.333,0.547619047619048
168.4,0.645161290322581
168.5,0.641791044776119
168.6,0.647058823529412
168.666,0.666666666666667
168.667,0.705882352941177
168.75,0.521739130434783
168.8,0.608333333333333
169,0.549614643545279
169.2,0.521739130434783
169.25,0.592105263157895
169.333,0.6
169.4,0.621428571428571
169.5,0.575471698113208
169.6,0.6
169.666,0.458333333333333
169.667,0.555555555555556
169.75,0.520833333333333
169.8,0.721739130434783
170,0.516477857878476
170.2,0.592307692307692
170.25,0.661764705882353
170.333,0.607843137254902
170.4,0.561904761904762
170.5,0.626666666666667
170.6,0.602941176470588
170.666,0.733333333333333
170.667,0.75
170.75,0.601351351351351
170.8,0.627586206896552
171,0.547219307450157
171.2,0.64
171.25,0.684210526315789
171.333,0.444444444444444
171.4,0.656565656565657
171.5,0.605769230769231
171.6,0.6171875
171.666,0.606060606060606
171.667,0.666666666666667
171.75,0.62
171.8,0.515789473684211
172,0.537290715372907
172.2,0.638095238095238
172.25,0.5625
172.333,0.645833333333333
172.4,0.6
172.5,0.601851851851852
172.6,0.672
172.666,0.541666666666667
172.667,0.7
172.75,0.576923076923077
172.8,0.6
173,0.521953896816685
173.2,0.6875
173.25,0.637096774193548
173.333,0.545454545454545
173.4,0.6015625
173.5,0.638888888888889
173.6,0.610169491525424
173.666,0.583333333333333
173.667,0.523809523809524
173.75,0.621212121212121
173.8,0.557894736842105
174,0.525655644241733
174.2,0.593548387096774
174.25,0.692307692307692
174.333,0.444444444444444
174.4,0.581818181818182
174.5,0.583333333333333
174.6,0.590909090909091
174.666,0.411764705882353
174.667,0.666666666666667
174.75,0.5
174.8,0.61437908496732
175,0.522274325908558
175.2,0.5625
175.25,0.635514018691589
175.333,0.5
175.4,0.6125
175.5,0.479166666666667
175.6,0.533898305084746
175.666,0.666666666666667
175.667,0.777777777777778
175.75,0.602941176470588
175.8,0.612244897959184
176,0.544469783352338
176.2,0.625
176.25,0.635416666666667
176.333,0.5
176.4,0.622222222222222
176.5,0.583333333333333
176.6,0.573913043478261
176.666,0.466666666666667
176.667,0.6
176.75,0.521739130434783
176.8,0.65
177,0.5125
177.2,0.625
177.25,0.534090909090909
177.333,0.666666666666667
177.4,0.631067961165049
177.5,0.728070175438597
177.6,0.633333333333333
177.666,0.619047619047619
177.667,0.8
177.75,0.5
177.8,0.659090909090909
178,0.521713954834974
178.2,0.514285714285714
178.25,0.569620253164557
178.333,0.555555555555556
178.4,0.616438356164384
178.5,0.507575757575758
178.6,0.590909090909091
178.666,0.571428571428571
178.667,0.666666666666667
178.75,0.611111111111111
178.8,0.588888888888889
179,0.538734476641041
179.2,0.584745762711864
179.25,0.5
179.333,0.644444444444444
179.4,0.661538461538462
179.5,0.62280701754386
179.6,0.526315789473684
179.666,0.545454545454545
179.667,0.555555555555556
179.75,0.55952380952381
179.8,0.609090909090909
180,0.524521531100479
180.2,0.616666666666667
180.25,0.526315789473684
180.333,0.641025641025641
180.4,0.633333333333333
180.5,0.703703703703704
180.6,0.563106796116505
180.666,0.571428571428571
180.667,0.583333333333333
180.75,0.538461538461538
180.8,0.6375
181,0.540876389797253
181.2,0.525641025641026
181.25,0.565789473684211
181.333,0.645833333333333
181.4,0.5
181.5,0.567567567567568
181.6,0.514285714285714
181.666,0.625
181.667,0.571428571428571
181.75,0.684210526315789
181.8,0.611764705882353
182,0.529634300126103
182.2,0.578947368421053
182.25,0.5
182.333,0.577777777777778
182.4,0.68
182.5,0.630434782608696
182.6,0.659090909090909
182.666,0.333333333333333
182.667,0.757575757575758
182.75,0.54
182.8,0.65
183,0.5475
183.2,0.890909090909091
183.25,0.684210526315789
183.333,0.766666666666667
183.4,0.5
183.5,0.518987341772152
183.6,0.615384615384615
183.666,0.541666666666667
183.667,0.333333333333333
183.75,0.46875
183.8,0.56
184,0.549278846153846
184.2,0.619047619047619
184.25,0.56
184.333,0.916666666666667
184.4,0.476923076923077
184.5,0.58974358974359
184.6,0.55
184.666,0.666666666666667
184.667,0.6
184.75,0.635416666666667
184.8,0.68
185,0.523840206185567
185.2,0.6125
185.25,0.616666666666667
185.333,0.7
185.4,0.52
185.5,0.560344827586207
185.6,0.625
185.666,0.611111111111111
185.667,0.583333333333333
185.75,0.640625
185.8,0.561904761904762
186,0.550641025641026
186.2,0.673684210526316
186.25,0.486111111111111
186.333,0.631578947368421
186.4,0.636363636363636
186.5,0.7
186.6,0.56
186.666,0.592592592592593
186.667,0.555555555555556
186.75,0.532608695652174
186.8,0.61
187,0.544766708701135
187.2,0.66
187.25,0.6875
187.333,0.794871794871795
187.4,0.552941176470588
187.5,0.692307692307692
187.6,0.682539682539683
187.666,0.555555555555556
187.667,0.666666666666667
187.75,0.588235294117647
187.8,0.617391304347826
188,0.535570469798658
188.2,0.65
188.25,0.5
188.333,0.714285714285714
188.4,0.65
188.5,0.615384615384615
188.6,0.5625
188.666,0.583333333333333
188.667,0.75
188.75,0.454545454545455
188.8,0.6
189,0.528623629719854
189.2,0.553846153846154
189.25,0.568181818181818
189.333,0.595238095238095
189.4,0.58
189.5,0.638888888888889
189.6,0.623529411764706
189.666,0.6
189.667,0.666666666666667
189.75,0.680555555555556
189.8,0.457142857142857
190,0.549492385786802
190.2,0.62962962962963
190.25,0.647058823529412
190.333,0.606060606060606
190.4,0.6
190.5,0.660714285714286
190.6,0.6
190.666,0.625
190.667,0.733333333333333
190.75,0.488095238095238
190.8,0.6
191,0.533711405166982
191.2,0.53030303030303
191.25,0.566666666666667
191.333,0.484848484848485
191.4,0.541666666666667
191.5,0.594594594594595
191.6,0.653333333333333
191.666,0.833333333333333
191.667,0.666666666666667
191.75,0.588235294117647
191.8,0.584615384615385
192,0.5425
192.2,0.6
192.25,0.644736842105263
192.333,0.80952380952381
192.4,0.509090909090909
192.5,0.5
192.6,0.631067961165049
192.666,0.37037037037037
192.667,0.916666666666667
192.75,0.729166666666667
192.8,0.573529411764706
193,0.549520766773163
193.2,0.566666666666667
193.25,0.625
193.333,0.708333333333333
193.4,0.577777777777778
193.5,0.520833333333333
193.6,0.676923076923077
193.666,0.476190476190476
193.667,0.444444444444444
193.75,0.35
193.8,0.6
194,0.557365919891378
194.2,0.675
194.25,0.59375
194.333,0.595238095238095
194.4,0.507692307692308
194.5,0.671428571428571
194.6,0.583333333333333
194.666,0.733333333333333
194.667,0.555555555555556
194.75,0.5
194.8,0.55
195,0.540438871473354
195.2,0.428571428571429
195.25,0.519230769230769
195.333,0.888888888888889
195.4,0.575
195.5,0.708333333333333
195.6,0.5
195.666,0.777777777777778
195.667,0.75
195.75,0.727272727272727
195.8,0.707692307692308
196,0.552941176470588
196.2,0.711111111111111
196.25,0.625
196.333,0.555555555555556
196.4,0.525
196.5,0.692307692307692
196.6,0.642857142857143
196.666,0.458333333333333
196.667,0.666666666666667
196.75,0.566666666666667
196.8,0.775
197,0.558957654723127
197.2,0.584615384615385
197.25,0.597826086956522
197.333,0.7
197.4,0.545454545454545
197.5,0.672413793103448
197.6,0.485294117647059
197.666,0.6
197.667,0.666666666666667
197.75,0.645833333333333
197.8,0.4
198,0.54158215010142
198.2,0.583333333333333
198.25,0.730769230769231
198.333,0.611111111111111
198.4,0.653333333333333
198.5,0.62
198.6,0.542857142857143
198.666,0.533333333333333
198.667,0.75
198.75,0.59375
198.8,0.646153846153846
199,0.543989254533244
199.2,0.545454545454545
199.25,0.541666666666667
199.333,0.761904761904762
199.4,0.5
199.5,0.621212121212121
199.6,0.62
199.666,0.433333333333333
199.667,0.777777777777778
199.75,0.333333333333333
199.8,0.603174603174603
200,0.565245901639344
200.2,0.68
200.25,0.596774193548387
200.333,0.523809523809524
200.4,0.654545454545455
200.5,0.681818181818182
200.6,0.654545454545455
200.666,0.566666666666667
200.667,0.666666666666667
200.75,0.519230769230769
200.8,0.6
201,0.533839779005525
201.2,0.6
201.25,0.596153846153846
201.333,0.606060606060606
201.4,0.538461538461538
201.5,0.52
201.6,0.614285714285714
201.666,0.583333333333333
201.667,0.666666666666667
201.75,0.636363636363636
201.8,0.644444444444444
202,0.529497450837582
202.2,0.4
202.25,0.607142857142857
202.333,0.592592592592593
202.4,0.581818181818182
202.5,0.607142857142857
202.6,0.625
202.666,0.533333333333333
202.667,0.583333333333333
202.75,0.65625
202.8,0.542857142857143
203,0.545321637426901
203.2,0.541666666666667
203.25,0.636363636363636
203.333,0.555555555555556
203.4,0.688888888888889
203.5,0.57843137254902
203.6,0.75
203.666,0.6
203.667,0.583333333333333
203.75,0.651162790697674
203.8,0.516666666666667
204,0.550898203592814
204.2,0.62
204.25,0.525423728813559
204.333,0.575757575757576
204.4,0.6
204.5,0.6125
204.6,0.566666666666667
204.666,0.666666666666667
204.667,0.666666666666667
204.75,0.638888888888889
204.8,0.56
205,0.566587864460205
205.2,0.542857142857143
205.25,0.546875
205.333,0.62962962962963
205.4,0.657894736842105
205.5,0.620689655172414
205.6,0.6
205.666,0.333333333333333
205.667,0.466666666666667
205.75,0.520833333333333
205.8,0.6
206,0.530185758513932
206.2,0.428571428571429
206.25,0.75
206.333,0.555555555555556
206.4,0.585714285714286
206.5,0.672413793103448
206.6,0.675
206.666,0.583333333333333
206.667,0.333333333333333
206.75,0.590909090909091
206.8,0.564102564102564
207,0.533653846153846
207.2,0.692307692307692
207.25,0.725
207.333,0.604166666666667
207.4,0.714285714285714
207.5,0.53125
207.6,0.630769230769231
207.666,0.75
207.667,0.666666666666667
207.75,0.708333333333333
207.8,0.587301587301587
208,0.513821138211382
208.2,0.52
208.25,0.46875
208.333,0.727272727272727
208.4,0.6
208.5,0.597222222222222
208.6,0.5
208.666,0.666666666666667
208.667,0.666666666666667
208.75,0.566666666666667
208.8,0.4
209,0.55
209.2,0.581818181818182
209.25,0.607142857142857
209.333,0.611111111111111
209.4,0.65
209.5,0.681818181818182
209.6,0.5375
209.666,0.583333333333333
209.667,0.8
209.75,0.575
209.8,0.742857142857143
210,0.545606694560669
210.2,0.52
210.25,0.625
210.333,0.5
210.4,0.690909090909091
210.5,0.661016949152542
210.6,0.628571428571429
210.666,0.666666666666667
210.667,0.833333333333333
210.75,0.55
210.8,0.7
211,0.547640249332146
211.2,0.466666666666667
211.25,0.638888888888889
211.333,0.787878787878788
211.4,0.72
211.5,0.538461538461538
211.6,0.675
211.666,0.666666666666667
211.667,0.666666666666667
211.75,0.660714285714286
211.8,0.65
212,0.55482275350371
212.2,0.52
212.25,0.722222222222222
212.333,0.904761904761905
212.4,0.566666666666667
212.5,0.666666666666667
212.6,0.625
212.666,0.666666666666667
212.667,0.833333333333333
212.75,0.575
212.8,0.525
213,0.522506619593998
213.2,0.555555555555556
213.25,0.5
213.333,0.761904761904762
213.4,0.577777777777778
213.5,0.578947368421053
213.6,0.709090909090909
213.666,0.416666666666667
213.667,0.533333333333333
213.75,0.625
213.8,0.6
214,0.534351145038168
214.2,0.514285714285714
214.25,0.555555555555556
214.333,0.555555555555556
214.4,0.56
214.5,0.62
214.6,0.76
214.666,0.833333333333333
214.667,0.777777777777778
214.75,0.515625
214.8,0.605263157894737
215,0.535813953488372
215.2,0.757575757575758
215.25,0.65
215.333,0.833333333333333
215.4,0.533333333333333
215.5,0.596153846153846
215.6,0.733333333333333
215.666,0.5
215.667,0.833333333333333
215.75,0.517857142857143
215.8,0.8
216,0.521076233183857
216.2,0.485714285714286
216.25,0.625
216.333,0.566666666666667
216.4,0.654545454545455
216.5,0.625
216.6,0.869565217391304
216.666,0.625
216.667,0.333333333333333
216.75,0.625
216.8,0.644444444444444
217,0.519516728624535
217.2,0.6
217.25,0.5
217.333,0.619047619047619
217.4,0.72
217.5,0.607142857142857
217.6,0.577777777777778
217.666,0.666666666666667
217.667,0.777777777777778
217.75,0.571428571428571
217.8,0.666666666666667
218,0.518518518518518
218.2,0.56
218.25,0.5625
218.333,0.722222222222222
218.4,0.54
218.5,0.645161290322581
218.6,0.525
218.666,1
218.667,0.888888888888889
218.75,0.519230769230769
218.8,0.7
219,0.530530530530531
219.2,0.542857142857143
219.25,0.625
219.333,0.757575757575758
219.4,0.575
219.5,0.653846153846154
219.6,0.55
219.666,0.6
219.667,0.866666666666667
219.75,0.613636363636364
219.8,0.5
220,0.55613850996852
220.2,0.633333333333333
220.25,0.615384615384615
220.333,0.708333333333333
220.4,0.657142857142857
220.5,0.666666666666667
220.6,0.622222222222222
220.666,0.833333333333333
220.75,0.583333333333333
220.8,0.733333333333333
221,0.542944785276074
221.2,0.75
221.25,0.75
221.333,0.476190476190476
221.4,0.433333333333333
221.5,0.555555555555556
221.6,0.533333333333333
221.666,0.333333333333333
221.667,0.75
221.75,0.636363636363636
221.8,0.433333333333333
222,0.503386004514673
222.2,0.52
222.25,0.477272727272727
222.333,0.666666666666667
222.4,0.633333333333333
222.5,0.727272727272727
222.6,0.2
222.666,0.666666666666667
222.667,0.583333333333333
222.75,0.6875
222.8,0.52
223,0.521348314606742
223.2,0.5
223.25,0.678571428571429
223.333,0.466666666666667
223.4,0.644444444444444
223.5,0.553571428571429
223.6,0.6
223.666,0.666666666666667
223.667,0.555555555555556
223.75,0.666666666666667
223.8,0.688888888888889
224,0.533818938605619
224.2,0.72
224.25,0.458333333333333
224.333,0.666666666666667
224.4,0.76
224.5,0.676470588235294
224.6,0.631578947368421
224.666,0.666666666666667
224.667,0.583333333333333
224.75,0.53125
224.8,0.644444444444444
225,0.523375142531357
225.2,0.76
225.25,0.625
225.333,0.761904761904762
225.4,0.634146341463415
225.5,0.52
225.6,0.8
225.666,0.666666666666667
225.667,0.416666666666667
225.75,0.611111111111111
225.8,0.2
226,0.530193236714976
226.2,0.7
226.25,0.666666666666667
226.333,0.733333333333333
226.4,0.733333333333333
226.5,0.617647058823529
226.6,0.5
226.666,0.5
226.667,0.666666666666667
226.75,0.55
226.8,0.65
227,0.538089480048368
227.2,0.628571428571429
227.25,0.571428571428571
227.333,0.5
227.4,0.615384615384615
227.5,0.523809523809524
227.6,0.666666666666667
227.666,0.555555555555556
227.667,0.777777777777778
227.75,0.5
227.8,0.44
228,0.534154535274356
228.2,0.91304347826087
228.25,0.541666666666667
228.333,0.571428571428571
228.4,0.575
228.5,0.526315789473684
228.6,0.566666666666667
228.667,0.583333333333333
228.75,0.708333333333333
228.8,0.733333333333333
229,0.538560411311054
229.2,0.76
229.25,0.714285714285714
229.333,0.333333333333333
229.4,0.628571428571429
229.5,0.6875
229.6,0.48
229.666,0.333333333333333
229.667,0.866666666666667
229.75,0.666666666666667
229.8,0.6
230,0.49569495694957
230.2,0.542857142857143
230.25,0.583333333333333
230.333,0.75
230.4,0.566666666666667
230.5,0.545454545454545
230.6,0.666666666666667
230.666,0.416666666666667
230.667,0.555555555555556
230.75,0.607142857142857
230.8,0.5
231,0.532885906040268
231.2,0.8
231.25,0.5
231.333,0.4
231.4,0.566666666666667
231.5,0.535714285714286
231.6,0.6
231.667,0.333333333333333
231.75,0.375
231.8,0.5
232,0.548387096774194
232.2,0.52
232.25,0.568181818181818
232.333,0.566666666666667
232.4,0.52
232.5,0.638888888888889
232.6,0.45
232.666,0
232.667,0.666666666666667
232.75,0.6875
232.8,0.8
233,0.5475
233.2,0.52
233.25,0.590909090909091
233.333,0.666666666666667
233.4,0.64
233.5,0.538461538461538
233.6,0.666666666666667
233.666,0.916666666666667
233.667,0.888888888888889
233.75,0.625
233.8,0.65
234,0.556
234.2,0.55
234.25,0.8125
234.333,0.571428571428571
234.4,0.6
234.5,0.5
234.6,0.733333333333333
234.666,0.833333333333333
234.667,0.5
234.75,0.694444444444444
234.8,0.725
235,0.518806744487678
235.2,0.6
235.25,0.546875
235.333,0.888888888888889
235.4,0.566666666666667
235.5,0.552631578947368
235.6,0.666666666666667
235.666,0.666666666666667
235.667,0.666666666666667
235.75,0.785714285714286
235.8,0.75
236,0.512328767123288
236.2,0.7
236.25,0.7
236.333,0.277777777777778
236.4,0.4
236.5,0.508771929824561
236.6,0.342857142857143
236.666,1
236.667,0.666666666666667
236.75,0.65
236.8,0.56
237,0.537396121883656
237.2,0.611111111111111
237.25,0.75
237.333,0.583333333333333
237.4,0.6
237.5,1
237.6,0.6
237.666,0.666666666666667
237.667,0.5
237.75,0.5625
237.8,1
238,0.538866930171278
238.2,0.777777777777778
238.25,0.666666666666667
238.333,0.8
238.4,0.9
238.5,0.555555555555556
238.6,0.7
238.666,0.777777777777778
238.667,0.6
238.75,0.75
238.8,0.6
239,0.556574923547401
239.2,0.7
239.25,0.607142857142857
239.333,0.222222222222222
239.4,0.666666666666667
239.5,0.692307692307692
239.6,0.68
239.666,0.666666666666667
239.667,0.733333333333333
239.75,0.428571428571429
239.8,0.533333333333333
240,0.507978723404255
240.2,0.6
240.25,0.785714285714286
240.333,0.555555555555556
240.4,0.6
240.5,0.642857142857143
240.6,0.6
240.666,0.333333333333333
240.667,0.666666666666667
240.75,0.5
240.8,0.6
241,0.547058823529412
241.2,0.542857142857143
241.25,0.392857142857143
241.333,0.833333333333333
241.4,0.466666666666667
241.5,0.541666666666667
241.6,0.625
241.666,0.5
241.667,0.5
241.75,0.5
241.8,0.6
242,0.541725601131542
242.2,0.7
242.25,0.65
242.333,0.666666666666667
242.4,0.727272727272727
242.5,0.55
242.6,0.666666666666667
242.666,0.5
242.667,0.416666666666667
242.75,0.575
242.8,0.76
243,0.522522522522523
243.2,0.571428571428571
243.25,0.642857142857143
243.333,0.333333333333333
243.4,0.575
243.5,0.526315789473684
243.6,0.4
243.666,0.5
243.667,0.8
243.75,0.583333333333333
243.8,0.466666666666667
244,0.509658246656761
244.2,0.5
244.25,0.416666666666667
244.333,0.888888888888889
244.4,0.4
244.5,0.541666666666667
244.6,0.628571428571429
244.666,0.555555555555556
244.667,0.555555555555556
244.75,0.6
244.8,0.45
245,0.522522522522523
245.2,0.6
245.25,0.875
245.333,0.5
245.4,0.8
245.5,0.642857142857143
245.6,0.666666666666667
245.666,1
245.667,0.916666666666667
245.75,0.5
245.8,0.533333333333333
246,0.536697247706422
246.2,0.533333333333333
246.25,0.666666666666667
246.333,0.5
246.4,0.5
246.5,0.608695652173913
246.6,0.44
246.666,0.666666666666667
246.667,0.666666666666667
246.75,0.642857142857143
246.8,0.6
247,0.55609756097561
247.2,0.666666666666667
247.25,0.7
247.333,0.333333333333333
247.4,0.8
247.5,0.558823529411765
247.6,0.5
247.666,0.444444444444444
247.667,0.5
247.75,0.666666666666667
247.8,0.6
248,0.570135746606335
248.2,0.7
248.25,0.25
248.333,0.733333333333333
248.4,0.8
248.5,0.5625
248.6,0.628571428571429
248.667,0.583333333333333
248.75,0.75
248.8,0.580645161290323
249,0.521936459909228
249.2,0.6
249.25,0.625
249.333,0.583333333333333
249.4,0.666666666666667
249.5,0.6
249.6,0.8
249.666,0.666666666666667
249.667,0.333333333333333
249.75,0.65625
249.8,0.75
250,0.546774193548387
250.2,0.514285714285714
250.25,0.607142857142857
250.333,0.533333333333333
250.4,0.75
250.5,0.583333333333333
250.6,0.5
250.666,0.333333333333333
250.667,1
250.75,0.5625
250.8,0.666666666666667
251,0.543252595155709
251.2,0.6
251.25,0.5625
251.333,0.888888888888889
251.4,0.666666666666667
251.5,0.633333333333333
251.6,0.733333333333333
251.666,0.166666666666667
251.667,0.833333333333333
251.75,0.785714285714286
252,0.500854700854701
252.2,0.65
252.25,0.625
252.333,0.733333333333333
252.4,0.7
252.5,0.6875
252.6,0.2
252.666,0.333333333333333
252.75,0.5625
252.8,0.4
253,0.521178637200737
253.2,0.6
253.25,0.714285714285714
253.333,0.555555555555556
253.4,0.5
253.5,0.75
253.6,0.7
253.666,0.555555555555556
253.75,0.416666666666667
253.8,0.666666666666667
254,0.570588235294118
254.2,0.4
254.25,0.5
254.333,0.583333333333333
254.4,0.35
254.5,0.607142857142857
254.6,0.44
254.666,1
254.667,0.555555555555556
254.75,0.75
254.8,1
255,0.550724637681159
255.2,0.7
255.25,0.625
255.333,0.333333333333333
255.4,0.4
255.5,0.366666666666667
255.6,0.4
255.666,0.75
255.667,0.444444444444444
255.75,0.333333333333333
255.8,0.9
256,0.543057996485061
256.2,0.7
256.25,0.65
256.333,0.8
256.4,1
256.5,0.458333333333333
256.6,0.266666666666667
256.666,0.666666666666667
256.667,0
256.75,0.65
256.8,0.7
257,0.582437275985663
257.2,0.6
257.25,0.65625
257.333,0.666666666666667
257.4,0.6
257.5,0.708333333333333
257.6,0.6
257.666,0.75
257.667,0.666666666666667
257.75,0.666666666666667
257.8,0.8
258,0.527336860670194
258.2,0.8
258.25,0.75
258.333,0.933333333333333
258.399,0.8
258.4,0.1
258.5,0.7
258.6,0.6
258.666,1
258.667,0.666666666666667
258.75,0.55
258.8,0.6
259,0.525641025641026
259.2,0.2
259.25,0.65
259.333,0.458333333333333
259.399,0.8
259.4,0.8
259.5,0.58695652173913
259.6,0.3
259.666,0
259.667,0.333333333333333
259.75,1
259.8,0.4
260,0.548214285714286
260.2,0.6
260.25,0.625
260.333,0.8
260.4,0.5
260.5,0.545454545454545
260.6,0.2
260.667,0.5
260.75,0.5625
260.8,0.75
261,0.560606060606061
261.2,0.6
261.25,0.625
261.333,0.444444444444444
261.4,1
261.5,0.607142857142857
261.667,0.666666666666667
261.75,0.607142857142857
261.8,0.6
262,0.52014652014652
262.2,0.4
262.25,0.535714285714286
262.333,0.583333333333333
262.4,0.6
262.5,0.607142857142857
262.6,0.666666666666667
262.666,0.833333333333333
262.667,0.666666666666667
262.75,0.555555555555556
262.8,0.56
263,0.548057259713701
263.2,0.4
263.25,0.8125
263.333,0.533333333333333
263.4,0.6
263.5,0.708333333333333
263.6,0.6
263.666,0.333333333333333
263.667,1
263.75,0.75
263.8,0.6
264,0.532374100719424
264.2,0.6
264.25,0.6
264.333,0.5
264.4,1
264.5,0.785714285714286
264.6,0.6
264.666,0.444444444444444
264.667,1
264.75,0.416666666666667
264.8,0.8
265,0.53639846743295
265.2,0.75
265.25,0.625
265.333,0.5
265.4,0.8
265.5,0.75
265.6,0.627906976744186
265.667,0.666666666666667
265.75,0.428571428571429
265.8,0.8
266,0.531496062992126
266.2,0.533333333333333
266.25,0.55
266.333,0.555555555555556
266.4,0.6
266.5,0.75
266.6,0.4
266.666,0.333333333333333
266.667,0.333333333333333
266.75,0.75
266.8,0.65
267,0.52286282306163
267.2,1
267.25,0.6875
267.333,0.666666666666667
267.4,0.5
267.5,0.75
267.6,0.8
267.666,0.333333333333333
267.667,0.333333333333333
267.75,0.5
267.8,0.666666666666667
268,0.55119825708061
268.25,0.514285714285714
268.333,0.583333333333333
268.4,0.7
268.5,0.615384615384615
268.6,0
268.667,0.333333333333333
268.75,0.636363636363636
268.8,0.7
269,0.530487804878049
269.2,0.625
269.25,0.5625
269.333,0.166666666666667
269.4,0.5
269.5,0.722222222222222
269.6,0.466666666666667
269.667,1
269.75,0.5
269.8,0.5
270,0.574279379157428
270.2,0.4
270.25,0.5
270.333,0
270.4,0
270.5,0.333333333333333
270.6,0.6
270.666,0.8
270.667,1
270.75,0.666666666666667
270.8,0.76
271,0.547945205479452
271.2,0.733333333333333
271.25,0.625
271.333,0.888888888888889
271.4,0.9
271.5,0.75
271.6,0.466666666666667
271.666,0.666666666666667
271.667,0
271.75,0.833333333333333
271.8,0.6
272,0.545023696682464
272.2,0.7
272.25,0.714285714285714
272.333,0.666666666666667
272.4,0.3
272.5,0.75
272.6,0.8
272.667,1
272.75,0.625
273,0.561822125813449
273.2,0.5
273.25,0.666666666666667
273.4,0.733333333333333
273.5,0.416666666666667
273.6,0.7
273.666,0.5
273.75,0.625
273.8,0.5
274,0.54875283446712
274.2,0.5
274.25,0.65
274.333,0.5
274.4,0.9
274.5,0.791666666666667
274.6,0.5
274.666,0.666666666666667
274.667,0.777777777777778
274.75,0.75
274.8,0.4
275,0.534188034188034
275.25,0.375
275.333,0.555555555555556
275.4,0.4
275.5,0.4375
275.6,0.8
275.666,0.666666666666667
275.667,1
275.75,0.541666666666667
275.8,0.5
276,0.555309734513274
276.2,0.4
276.25,0.5625
276.333,1
276.4,0.866666666666667
276.5,0
276.6,0.6
276.666,0.5
276.75,0.5
276.8,0.6
277,0.541125541125541
277.25,0.791666666666667
277.333,0.666666666666667
277.4,0.8
277.5,0.25
277.666,0
277.75,0.583333333333333
277.8,0.55
278,0.545882352941176
278.2,0.6
278.333,0.722222222222222
278.5,0.642857142857143
278.6,0.6
278.667,0.666666666666667
278.75,0.5
278.8,0.6
279,0.539024390243902
279.2,0.6
279.333,0.833333333333333
279.4,0.7
279.5,0.833333333333333
279.6,0.3
279.667,1
279.75,0.5
279.8,0.8
280,0.566125290023202
280.2,0.6
280.25,0.333333333333333
280.333,0.666666666666667
280.4,0.6
280.5,0.571428571428571
280.6,0.65
280.667,0.333333333333333
280.75,0.5625
281,0.575
281.25,0.625
281.333,0.333333333333333
281.4,0.8
281.5,0.571428571428571
281.6,0.5
281.666,0.666666666666667
281.667,0
281.75,0.6875
281.8,0.7
282,0.620454545454545
282.2,0.8
282.25,0.75
282.333,0.333333333333333
282.4,0.8
282.5,0.8125
282.6,1
282.666,0.333333333333333
282.667,0.333333333333333
282.75,0.821428571428571
282.8,0.533333333333333
283,0.545
283.2,0.533333333333333
283.25,0.375
283.333,0.666666666666667
283.4,0.6
283.5,0.714285714285714
283.6,0.8
283.667,0.444444444444444
283.75,0.5
283.8,0.666666666666667
284,0.589473684210526
284.25,0.75
284.333,0.466666666666667
284.4,0.8
284.5,0.607142857142857
284.6,0.733333333333333
284.666,0.333333333333333
284.667,0.333333333333333
284.75,0.65
284.8,0.8
285,0.518716577540107
285.2,1
285.5,0.6
285.6,0.7
285.667,0.5
285.75,0.5
286,0.562162162162162
286.2,0.6
286.25,1
286.333,0.333333333333333
286.4,0.444444444444444
286.5,0.666666666666667
286.6,0.6
286.666,0.666666666666667
286.667,1
286.75,0.65
286.8,0.6
287,0.580498866213152
287.2,0.9
287.25,0.583333333333333
287.333,0.523809523809524
287.4,0.8
287.5,0.6875
287.6,0.6
287.666,0.666666666666667
287.667,0.888888888888889
287.75,0.166666666666667
287.8,0.333333333333333
288,0.528497409326425
288.2,0.7
288.25,0.25
288.333,1
288.4,0.8
288.5,0.875
288.666,0.5
288.667,0.583333333333333
288.75,0.5
288.8,0.6
289,0.540609137055838
289.2,0.8
289.25,1
289.333,0.666666666666667
289.4,0.48
289.5,0.636363636363636
289.6,0.6
289.666,0.333333333333333
289.667,0.666666666666667
289.75,0.875
290,0.574742268041237
290.2,0.4
290.25,0.416666666666667
290.333,0.222222222222222
290.4,0.733333333333333
290.5,0.5
290.6,0.4
290.667,1
290.75,0.65
290.8,0.8
291,0.532981530343008
291.2,0.6
291.25,0.6
291.4,0.5
291.5,0.636363636363636
291.6,0.8
291.667,0.333333333333333
291.75,0.666666666666667
291.8,0.4
292,0.577712609970675
292.2,0.3
292.25,0.5
292.333,0.444444444444444
292.4,0.6
292.5,0.625
292.6,0.6
292.666,0.333333333333333
292.75,0.5
292.8,0.72
293,0.569105691056911
293.2,0.6
293.25,0.666666666666667
293.333,0.333333333333333
293.4,0.6
293.5,0.5
293.6,0.8
293.667,0.333333333333333
293.75,0.375
293.8,0.7
294,0.501392757660167
294.2,0.6
294.25,0.5
294.333,0.666666666666667
294.4,0.466666666666667
294.5,0.318181818181818
294.6,0.333333333333333
294.666,0.777777777777778
294.667,0.666666666666667
294.75,0.333333333333333
295,0.550649350649351
295.2,0.4
295.25,0.75
295.333,0.388888888888889
295.4,0.4
295.5,0.5
295.6,0.2
295.666,0.333333333333333
295.667,0.333333333333333
295.75,0.583333333333333
295.8,0.6
296,0.57103825136612
296.25,0.45
296.333,0.916666666666667
296.4,0.4
296.5,0.454545454545455
296.6,0.666666666666667
296.667,0.75
296.75,0.75
296.8,0.9
297,0.557522123893805
297.2,1
297.25,0.666666666666667
297.333,0.708333333333333
297.4,0.6
297.5,0.5
297.6,1
297.666,0.333333333333333
297.667,0.666666666666667
297.75,0.666666666666667
297.8,0.4
298,0.518207282913165
298.25,1
298.333,0.444444444444444
298.4,0.2
298.5,0.6875
298.6,0.2
298.666,0.833333333333333
298.667,1
298.75,0.583333333333333
298.8,0.733333333333333
299,0.534883720930233
299.2,0.5
299.25,0.875
299.333,0.5
299.4,0.6
299.5,0.833333333333333
299.6,0.8
299.666,1
299.75,0.416666666666667
299.8,0.56
300,0.572438609561025
